user_id,avg_email_size,total_attachments,avg_recipients,total_file_actions,total_to_rem,total_from_rem,total_uses_rem,avg_file_size,total_device_actions,connected_count,total_logons,o,c,e,a,n,email,role,projects,business_unit,supervisor,start_date,end_date,employment_duration_days,is_active,functional_unit_id,functional_unit_name,department_id,department_name,team_id,team_name,anomaly,alert_id,event_time,log_type,rule_name,severity,description,rule_alert_count,rule_binary,iso_score,true_label,hybrid
AAB0162,526.8455708195169,359,2.5665561345333967,30.0,0.0,0.0,0.0,528.1666666666666,0.0,0.0,711.0,45.0,36.0,33.0,15.0,33.0,amos.ahmed.burch@dtaa.com,HardwareEngineer,,1.0,Jeanette Macey Simpson,2009-12-01,2011-06-01,724.0,False,3.0,ResearchAndEngineering_Government_Domestic,3.0,SoftwareManagement,3.0,EmbeddedSoftware,0,3308.0,2010-01-14 17:45:38,email,Large email with attachment,HIGH,Possible data exfiltration via email attachment,3863,1,0.18650874426421482,0,1
AAB0398,564.0824863174355,836,2.35965598123534,36.0,0.0,0.0,0.0,456.8888888888889,0.0,0.0,712.0,16.0,38.0,16.0,26.0,34.0,allegra.april.bates@dtaa.com,AdministrativeAssistant,,1.0,Deborah Madaline Horton,2009-12-01,2011-06-01,724.0,False,9.0,SalesAndMarketing_Government,0.0,0,0.0,0,0,1176.0,2010-04-09 15:05:33.000,email,Large email with attachment,HIGH,Possible data exfiltration via email attachment,8446,1,0.13233194418916622,0,1
AAC0610,540.059405940594,261,2.551626591230552,1851.0,604.0,1056.0,1660.0,568.6866558616964,700.0,351.0,1052.0,46.0,35.0,50.0,42.0,31.0,ahmed.arsenio.cote@dtaa.com,SoftwareQualityEngineer,Project 20,1.0,Ann Tamekah Daniels,2009-12-01,2011-06-01,724.0,False,3.0,ResearchAndEngineering_Government_Domestic,3.0,SoftwareManagement,1.0,SQA,0,2807.0,2010-04-19 07:58:05.000,email,Large email with attachment,HIGH,Possible data exfiltration via email attachment,13777,1,0.07519146631394785,0,1
AAC0668,529.9467625899281,468,2.4930455635491606,62.0,0.0,0.0,0.0,556.2258064516129,0.0,0.0,712.0,38.0,48.0,37.0,38.0,37.0,august.amal.carter@dtaa.com,MechanicalEngineer,,1.0,Grace Jasmine Gamble,2009-12-01,2011-06-01,724.0,False,3.0,ResearchAndEngineering_Government_Domestic,4.0,Engineering,2.0,MechanicalEngineering,0,21781.0,2010-04-20 16:10:14.000,email,Large email with attachment,HIGH,Possible data exfiltration via email attachment,2973,1,0.16746588933184825,0,1
AAC3270,555.9264069264069,118,2.632034632034632,8.0,0.0,0.0,0.0,757.875,0.0,0.0,712.0,26.0,37.0,42.0,45.0,30.0,alexis.aretha.castro@dtaa.com,StockroomClerk,,1.0,Quincy Guy Shannon,2009-12-01,2011-06-01,724.0,False,5.0,Manufacturing_Commercial,3.0,Assembly,9.0,Stockroom,0,46017.0,2010-11-11 10:50:38.000,email,Large email with attachment,HIGH,Possible data exfiltration via email attachment,511,1,0.15580151963132083,1,1
AAD2188,560.0347826086957,60,2.6130434782608694,7.0,0.0,0.0,0.0,513.2857142857143,0.0,0.0,712.0,21.0,30.0,11.0,35.0,28.0,aretha.aimee.daugherty@dtaa.com,ProductionLineWorker,,1.0,Zelda Idona Ross,2009-12-01,2011-06-01,724.0,False,5.0,Manufacturing_Commercial,3.0,Assembly,6.0,AssemblyDept,0,22311.0,2010-04-19 14:22:15.000,email,Large email with attachment,HIGH,Possible data exfiltration via email attachment,881,1,0.16933117608447218,0,1
AAD3030,563.1502013007123,950,2.57045524930319,211.0,0.0,0.0,0.0,750.7725118483412,0.0,0.0,712.0,43.0,35.0,19.0,26.0,31.0,alexander.abraham.decker@dtaa.com,SecurityGuard,,1.0,Uriah Cain Weiss,2009-12-01,2011-06-01,724.0,False,1.0,Adminstration,5.0,Security,9.0,BuildingSecurity,0,182.0,2010-06-09 10:23:29.000,email,Large email with attachment,HIGH,Possible data exfiltration via email attachment,5794,1,0.152885397932417,0,1
AAF0819,574.2957142857143,711,2.5604761904761904,3409.0,1036.0,2003.0,3039.0,536.511293634497,2056.0,1032.0,1052.0,30.0,18.0,14.0,38.0,25.0,adele.april.flowers@dtaa.com,SystemsEngineer,,1.0,Jerry Reece Potts,2009-12-01,2011-06-01,724.0,False,4.0,ResearchAndEngineering_Government_Foreign,4.0,Engineering,5.0,SystemsEngineering,1,644.0,2010-01-27 16:24:12.000,email,Large email with attachment,HIGH,Possible data exfiltration via email attachment,42851,1,-0.0005799204724716844,0,1
AAF3937,551.0995670995671,85,2.619047619047619,10.0,0.0,0.0,0.0,353.3,0.0,0.0,712.0,39.0,37.0,39.0,19.0,30.0,aristotle.albert.fulton@dtaa.com,ProductionLineWorker,,1.0,Keegan Noah Riggs,2009-12-01,2011-06-01,724.0,False,5.0,Manufacturing_Commercial,3.0,Assembly,14.0,AssemblyDept,0,4536.0,2010-04-30 16:34:37.000,email,Large email with attachment,HIGH,Possible data exfiltration via email attachment,597,1,0.18037704057242104,0,1
AAG1447,523.8111587982833,230,2.6175488793514545,0.0,0.0,0.0,0.0,0.0,0.0,0.0,712.0,41.0,36.0,17.0,20.0,29.0,amir.akeem.garrison@dtaa.com,SystemsEngineer,Project 13,1.0,Zenia Basia Whitley,2009-12-01,2011-06-01,724.0,False,4.0,ResearchAndEngineering_Government_Foreign,4.0,Engineering,10.0,SystemsEngineering,0,9813.0,2010-04-09 10:22:48.000,email,Large email with attachment,HIGH,Possible data exfiltration via email attachment,2311,1,0.17237896311711398,0,1
AAG3799,520.4001156403585,472,2.5550737207285343,0.0,0.0,0.0,0.0,0.0,0.0,0.0,711.0,45.0,46.0,15.0,39.0,36.0,amaya.angela.guthrie@dtaa.com,Salesman,,1.0,Martina Nina Cain,2009-12-01,2011-06-01,724.0,False,9.0,SalesAndMarketing_Government,2.0,Sales,6.0,RegionalSales,0,3016.0,2010-07-20 10:51:13.000,email,Large email with attachment,HIGH,Possible data exfiltration via email attachment,4141,1,0.14148106749005673,0,1
AAH0721,507.9799235181644,427,2.64961759082218,79.0,0.0,0.0,0.0,401.1392405063291,0.0,0.0,712.0,19.0,39.0,30.0,44.0,24.0,aiko.aimee.hyde@dtaa.com,Physicist,,1.0,Jonathan Laith Casey,2009-12-01,2011-06-01,724.0,False,4.0,ResearchAndEngineering_Government_Foreign,2.0,Research,1.0,Lab,0,2047.0,2010-09-20 07:21:05.000,email,Large email with attachment,HIGH,Possible data exfiltration via email attachment,5184,1,0.1530437549507091,0,1
AAM0138,548.6714507370054,327,2.360744763382467,0.0,0.0,0.0,0.0,0.0,0.0,0.0,712.0,30.0,43.0,21.0,28.0,28.0,alan.avram.moore@dtaa.com,AdministrativeAssistant,,1.0,Inez Sage Marks,2009-12-01,2011-06-01,724.0,False,3.0,ResearchAndEngineering_Government_Domestic,2.0,Research,0.0,0,0,18176.0,2010-04-23 13:02:09.000,email,Large email with attachment,HIGH,Possible data exfiltration via email attachment,2469,1,0.15478494537809473,0,1
AAM0729,538.4050991501416,149,2.536827195467422,16.0,0.0,0.0,0.0,614.6875,0.0,0.0,712.0,42.0,37.0,26.0,24.0,23.0,aristotle.avram.moran@dtaa.com,SoftwareQualityEngineer,Project 48,1.0,Rose Angela Salas,2009-12-01,2011-06-01,724.0,False,4.0,ResearchAndEngineering_Government_Foreign,3.0,SoftwareManagement,1.0,SQA,0,5730.0,2010-01-29 13:28:10.000,email,Large email with attachment,HIGH,Possible data exfiltration via email attachment,1104,1,0.1876296791984119,0,1
AAP0352,505.23462630085146,635,2.7913907284768213,699.0,219.0,373.0,592.0,525.1258941344778,1420.0,713.0,754.0,35.0,49.0,19.0,39.0,27.0,adria.adrienne.perry@dtaa.com,Statistician,,1.0,Ulric Channing Gross,2009-12-01,2011-06-01,724.0,False,6.0,Manufacturing_Government,4.0,QualityControl,0.0,0,0,2068.0,2010-01-05 15:42:40.000,email,Large email with attachment,HIGH,Possible data exfiltration via email attachment,24341,1,0.07887668338333864,0,1
AAP1919,553.9692176143651,407,2.595981188542112,439.0,144.0,245.0,389.0,538.3416856492028,6159.0,3089.0,906.0,45.0,15.0,14.0,41.0,28.0,aileen.ashely.price@dtaa.com,SoftwareEngineer,Project 54,1.0,Dora Tallulah Tran,2009-12-01,2011-06-01,724.0,False,3.0,ResearchAndEngineering_Government_Domestic,3.0,SoftwareManagement,8.0,DesktopSoftware,0,823.0,2010-05-17 09:22:40.000,email,Large email with attachment,HIGH,Possible data exfiltration via email attachment,66733,1,0.04371950519896706,0,1
AAP1942,555.2557803468208,593,2.489884393063584,66.0,0.0,0.0,0.0,724.0,0.0,0.0,986.0,47.0,50.0,25.0,18.0,36.0,amir.allistair.pollard@dtaa.com,WebDeveloper,,1.0,Patience Raya Holt,2009-12-01,2011-06-01,724.0,False,3.0,ResearchAndEngineering_Government_Domestic,3.0,SoftwareManagement,9.0,WebSoftware,0,1073.0,2010-09-24 08:03:29.000,email,Large email with attachment,HIGH,Possible data exfiltration via email attachment,4337,1,0.13017601017493124,0,1
AAR0641,548.0880681818181,678,2.586647727272727,79.0,0.0,0.0,0.0,702.6962025316456,0.0,0.0,712.0,43.0,34.0,18.0,32.0,35.0,ainsley.alfreda.roach@dtaa.com,WebDeveloper,Project 73,1.0,Winifred Kelsie Garza,2009-12-01,2011-06-01,724.0,False,3.0,ResearchAndEngineering_Government_Domestic,3.0,SoftwareManagement,4.0,WebSoftware,0,522.0,2010-10-12 11:53:38.000,email,Large email with attachment,HIGH,Possible data exfiltration via email attachment,3459,1,0.17325058252673914,0,1
AAS0144,525.8028375733855,205,2.610567514677104,0.0,0.0,0.0,0.0,0.0,0.0,0.0,712.0,43.0,31.0,21.0,13.0,23.0,alden.ali.stark@dtaa.com,Scientist,,1.0,Charlotte Ramona Maxwell,2009-12-01,2011-06-01,724.0,False,3.0,ResearchAndEngineering_Government_Domestic,2.0,Research,1.0,Lab,0,672.0,2010-08-06 12:07:28.000,email,Large email with attachment,HIGH,Possible data exfiltration via email attachment,2708,1,0.14848393990521136,1,1
AAS2987,521.178674351585,277,2.913544668587896,149.0,0.0,0.0,0.0,668.9664429530201,0.0,0.0,712.0,16.0,20.0,30.0,14.0,32.0,amaya.ava.sellers@dtaa.com,Technician,,1.0,Sarah Lilah Mason,2009-12-01,2011-06-01,724.0,False,9.0,SalesAndMarketing_Government,3.0,FieldService,4.0,RegionalFieldService,0,3522.0,2010-10-22 16:04:09.000,email,Large email with attachment,HIGH,Possible data exfiltration via email attachment,1350,1,0.1268335914317713,0,1
AAS3428,523.8140132847653,1254,2.446110992071995,170.0,0.0,0.0,0.0,475.16470588235296,0.0,0.0,1352.0,36.0,35.0,19.0,44.0,21.0,adrian.asher.shepherd@dtaa.com,Salesman,,1.0,Charles Ulric Lynn,2009-12-01,2011-06-01,724.0,False,9.0,SalesAndMarketing_Government,2.0,Sales,5.0,RegionalSales,0,8.0,2010-07-02 10:10:27.000,email,Large email with attachment,HIGH,Possible data exfiltration via email attachment,6194,1,0.11301942360780692,0,1
AAT2913,548.4476744186046,130,2.556686046511628,0.0,0.0,0.0,0.0,0.0,0.0,0.0,576.0,41.0,37.0,17.0,37.0,28.0,amaya.anastasia.townsend@dtaa.com,Technician,,1.0,Nolan Jerome Wagner,2009-12-01,2011-02-01,720.0,False,8.0,SalesAndMarketing_Commercial,3.0,FieldService,4.0,RegionalFieldService,0,578.0,2010-01-19 17:06:21.000,email,Large email with attachment,HIGH,Possible data exfiltration via email attachment,1044,1,0.16453703622471694,0,1
AAV3669,525.9194915254237,106,2.6186440677966103,21.0,0.0,0.0,0.0,634.3333333333334,0.0,0.0,712.0,28.0,17.0,27.0,16.0,21.0,autumn.amaya.velez@dtaa.com,StockroomClerk,,1.0,Carlos Tanek Buchanan,2009-12-01,2011-06-01,724.0,False,6.0,Manufacturing_Government,3.0,Assembly,11.0,Stockroom,0,3921.0,2010-01-25 12:07:42.000,email,Large email with attachment,HIGH,Possible data exfiltration via email attachment,775,1,0.14820613014427314,0,1
AAW0894,568.4033613445379,116,2.6134453781512605,16.0,0.0,0.0,0.0,448.6875,0.0,0.0,1159.0,20.0,36.0,43.0,33.0,43.0,abel.austin.winters@dtaa.com,ProductionLineWorker,,1.0,Mona Jolene Frye,2009-12-01,2011-06-01,724.0,False,6.0,Manufacturing_Government,3.0,Assembly,2.0,AssemblyDept,0,11508.0,2010-09-30 09:08:22.000,email,Large email with attachment,HIGH,Possible data exfiltration via email attachment,471,1,0.13035681305051916,0,1
ABB0167,534.8938329430133,267,2.4668227946916472,27.0,0.0,0.0,0.0,514.7407407407408,0.0,0.0,296.0,39.0,36.0,45.0,23.0,37.0,alan.bruce.blevins@dtaa.com,SoftwareDeveloper,Project 85,1.0,Winifred Kelsie Garza,2009-12-01,2010-08-01,361.0,False,3.0,ResearchAndEngineering_Government_Domestic,3.0,SoftwareManagement,4.0,WebSoftware,0,121.0,2010-04-19 11:27:54.000,email,Large email with attachment,HIGH,Possible data exfiltration via email attachment,1503,1,0.1486159820254761,0,1
ABB0300,575.2235294117647,107,2.792156862745098,14.0,0.0,0.0,0.0,855.0,0.0,0.0,836.0,38.0,26.0,14.0,20.0,26.0,alea.blossom.benjamin@dtaa.com,StockroomClerk,,1.0,Hammett Zeus Hodge,2009-12-01,2011-06-01,724.0,False,5.0,Manufacturing_Commercial,3.0,Assembly,1.0,Stockroom,0,23801.0,2010-04-20 12:07:20.000,email,Large email with attachment,HIGH,Possible data exfiltration via email attachment,1335,1,0.13455189594309097,0,1
ABC3523,571.2009478672986,409,2.561137440758294,6.0,0.0,0.0,0.0,530.5,0.0,0.0,712.0,16.0,28.0,48.0,42.0,33.0,alyssa.brenna.colon@dtaa.com,SystemsEngineer,,1.0,Quail Wilma Long,2009-12-01,2011-06-01,724.0,False,2.0,ResearchAndEngineering_Commercial,4.0,Engineering,25.0,SystemsEngineering,0,6895.0,2010-11-22 13:18:57.000,email,Large email with attachment,HIGH,Possible data exfiltration via email attachment,5198,1,0.15170885373937104,0,1
ABD3426,546.6601364736958,1241,2.815760510675765,11434.0,3936.0,6472.0,10408.0,569.6794647542417,7979.0,4000.0,1511.0,32.0,32.0,47.0,40.0,24.0,arden.brendan.dorsey@dtaa.com,Salesman,,1.0,Charles Ulric Lynn,2009-12-01,2011-06-01,724.0,False,9.0,SalesAndMarketing_Government,2.0,Sales,5.0,RegionalSales,1,1624.0,2010-04-19 14:48:15.000,email,Large email with attachment,HIGH,Possible data exfiltration via email attachment,107315,1,-0.1434901763603299,0,1
ABE2352,542.9929577464789,150,2.6549295774647885,9.0,0.0,0.0,0.0,659.6666666666666,0.0,0.0,712.0,14.0,50.0,49.0,25.0,36.0,alana.brianna.everett@dtaa.com,Technician,,1.0,Rhea Lydia Stein,2009-12-01,2011-06-01,724.0,False,9.0,SalesAndMarketing_Government,3.0,FieldService,3.0,RegionalFieldService,0,24349.0,2010-07-29 18:27:50.000,email,Large email with attachment,HIGH,Possible data exfiltration via email attachment,999,1,0.1232507618028214,0,1
ABG2353,521.955459770115,248,2.958333333333333,16.0,0.0,0.0,0.0,651.8125,0.0,0.0,712.0,40.0,39.0,38.0,37.0,35.0,armand.bradley.garcia@dtaa.com,Technician,,1.0,Rhea Lydia Stein,2009-12-01,2011-06-01,724.0,False,9.0,SalesAndMarketing_Government,3.0,FieldService,3.0,RegionalFieldService,0,288.0,2010-10-14 15:51:50.000,email,Large email with attachment,HIGH,Possible data exfiltration via email attachment,1356,1,0.1596503899759999,0,1
ABG3605,520.7325358851674,572,2.61244019138756,64.0,0.0,0.0,0.0,535.96875,0.0,0.0,712.0,38.0,48.0,45.0,34.0,36.0,august.bert.gould@dtaa.com,HardwareEngineer,,1.0,Todd Salvador Fisher,2009-12-01,2011-06-01,724.0,False,4.0,ResearchAndEngineering_Government_Foreign,4.0,Engineering,25.0,SystemsEngineering,0,2127.0,2010-10-26 14:07:11.000,email,Large email with attachment,HIGH,Possible data exfiltration via email attachment,2880,1,0.16245442674315264,0,1
ABH0349,542.198275862069,50,3.1206896551724137,2230.0,591.0,1396.0,1987.0,562.1188340807175,247.0,124.0,1106.0,32.0,41.0,38.0,18.0,34.0,aidan.bevis.hayden@dtaa.com,ProductionLineWorker,,1.0,Mona Jolene Frye,2009-12-01,2011-06-01,724.0,False,6.0,Manufacturing_Government,3.0,Assembly,2.0,AssemblyDept,0,8851.0,2010-05-25 16:44:01.000,email,Large email with attachment,HIGH,Possible data exfiltration via email attachment,5970,1,0.038130351720676026,0,1
ABH1181,513.651777137368,449,2.6133525456292026,73.0,0.0,0.0,0.0,535.3561643835617,0.0,0.0,711.0,48.0,40.0,15.0,10.0,35.0,august.bert.hyde@dtaa.com,HardwareEngineer,,1.0,Chandler Quamar Cantrell,2009-12-01,2011-06-01,724.0,False,2.0,ResearchAndEngineering_Commercial,4.0,Engineering,10.0,SystemsEngineering,0,186.0,2010-02-02 14:04:02.000,email,Large email with attachment,HIGH,Possible data exfiltration via email attachment,3776,1,0.14208217477373042,0,1
ABH2671,534.0532825880114,282,2.616555661274976,0.0,0.0,0.0,0.0,0.0,0.0,0.0,712.0,31.0,25.0,16.0,20.0,35.0,allen.brandon.hill@dtaa.com,Physicist,,1.0,Medge Roary Byers,2009-12-01,2011-06-01,724.0,False,4.0,ResearchAndEngineering_Government_Foreign,2.0,Research,4.0,Lab,0,10129.0,2010-11-30 14:28:12.000,email,Large email with attachment,HIGH,Possible data exfiltration via email attachment,3675,1,0.1584084235622804,0,1
ABJ0281,531.6330472103004,226,2.67274678111588,12.0,0.0,0.0,0.0,443.6666666666667,0.0,0.0,208.0,46.0,13.0,17.0,25.0,39.0,anjolie.brynne.jennings@dtaa.com,TestEngineer,Project 62,1.0,Oprah Gail Webb,2009-12-01,2010-05-01,358.0,False,4.0,ResearchAndEngineering_Government_Foreign,4.0,Engineering,6.0,TestAndEvalualtion,0,33.0,2010-02-05 16:48:10.000,email,Large email with attachment,HIGH,Possible data exfiltration via email attachment,1425,1,0.1290945806290592,0,1
ABK0481,563.1546391752578,40,2.927835051546392,5.0,0.0,0.0,0.0,552.6,0.0,0.0,68.0,43.0,41.0,20.0,40.0,29.0,abbot.bruce.knox@dtaa.com,SoftwareQualityEngineer,Project 37,1.0,Whoopi Aspen Mccarty,2009-12-01,2010-02-01,355.0,False,2.0,ResearchAndEngineering_Commercial,3.0,SoftwareManagement,1.0,SQA,0,4330.0,2010-01-29 08:34:40.000,email,Large email with attachment,HIGH,Possible data exfiltration via email attachment,271,1,0.13640437153718465,0,1
ABK3081,562.3088648215002,810,2.851183313277176,671.0,199.0,398.0,597.0,558.467958271237,336.0,169.0,1434.0,18.0,44.0,17.0,42.0,34.0,astra.brittany.kaufman@dtaa.com,MechanicalEngineer,,1.0,Quinn Madeline Prince,2009-12-01,2011-06-01,724.0,False,2.0,ResearchAndEngineering_Commercial,4.0,Engineering,22.0,MechanicalEngineering,0,1056.0,2010-07-09 15:34:36.000,email,Large email with attachment,HIGH,Possible data exfiltration via email attachment,9132,1,0.06452678861859296,0,1
ABL0870,578.4786324786324,63,2.547008547008547,5.0,0.0,0.0,0.0,654.0,0.0,0.0,712.0,41.0,15.0,45.0,35.0,22.0,amelia.brittany.lee@dtaa.com,ProductionLineWorker,,1.0,August Kasimir Solis,2009-12-01,2011-06-01,724.0,False,5.0,Manufacturing_Commercial,3.0,Assembly,2.0,AssemblyDept,0,8212.0,2010-04-07 08:42:02.000,email,Large email with attachment,HIGH,Possible data exfiltration via email attachment,345,1,0.1316504411700385,0,1
ABM3203,535.926800472255,594,2.5584415584415585,405.0,0.0,0.0,0.0,501.7851851851852,0.0,0.0,927.0,36.0,25.0,42.0,15.0,31.0,addison.buckminster.mccall@dtaa.com,MechanicalEngineer,,1.0,Thane Erich Cunningham,2009-12-01,2011-06-01,724.0,False,4.0,ResearchAndEngineering_Government_Foreign,4.0,Engineering,22.0,MechanicalEngineering,0,5060.0,2010-05-04 09:52:54.000,email,Large email with attachment,HIGH,Possible data exfiltration via email attachment,8876,1,0.1751964283307878,0,1
ABM3641,537.9491017964071,193,2.844311377245509,42.0,0.0,0.0,0.0,622.3095238095239,0.0,0.0,1354.0,13.0,41.0,43.0,23.0,41.0,amal.burke.morton@dtaa.com,ProductionLineWorker,,1.0,Brynne Camille Whitfield,2009-12-01,2011-06-01,724.0,False,5.0,Manufacturing_Commercial,3.0,Assembly,12.0,AssemblyDept,0,8392.0,2010-08-26 16:30:04.000,email,Large email with attachment,HIGH,Possible data exfiltration via email attachment,1866,1,0.12066201858862152,0,1
ABM3687,508.6462264150944,107,2.768867924528302,4925.0,1605.0,2867.0,4472.0,541.8148223350254,878.0,441.0,758.0,12.0,10.0,46.0,20.0,25.0,anthony.bevis.murphy@dtaa.com,ProductionLineWorker,,1.0,Melissa Laura Cardenas,2009-12-01,2010-09-01,362.0,False,6.0,Manufacturing_Government,3.0,Assembly,12.0,AssemblyDept,1,100656.0,2010-09-10 11:39:59.000,email,Large email with attachment,HIGH,Possible data exfiltration via email attachment,20011,1,-0.054773729105823676,1,1
ABM3772,552.3844275637548,1266,2.7962561041779708,1114.0,337.0,604.0,941.0,558.1660682226212,1421.0,715.0,1129.0,46.0,20.0,21.0,36.0,21.0,aiko.bianca.manning@dtaa.com,Salesman,,1.0,Martina Nina Cain,2009-12-01,2011-06-01,724.0,False,9.0,SalesAndMarketing_Government,2.0,Sales,6.0,RegionalSales,0,22.0,2010-07-15 13:23:25.000,email,Large email with attachment,HIGH,Possible data exfiltration via email attachment,26115,1,0.05366029439979758,0,1
ABM3776,528.6666666666666,589,2.533561839474436,21.0,0.0,0.0,0.0,579.3809523809524,0.0,0.0,712.0,31.0,18.0,22.0,17.0,34.0,amos.burton.mack@dtaa.com,Salesman,,1.0,Martina Nina Cain,2009-12-01,2011-06-01,724.0,False,9.0,SalesAndMarketing_Government,2.0,Sales,6.0,RegionalSales,0,1175.0,2010-09-29 12:06:36.000,email,Large email with attachment,HIGH,Possible data exfiltration via email attachment,4013,1,0.17300914516527832,0,1
ABO1173,516.8598574821852,549,3.242755344418052,1395.0,263.0,611.0,874.0,458.3827956989247,790.0,396.0,1146.0,20.0,14.0,32.0,21.0,23.0,azalia.brynn.orr@dtaa.com,HardwareEngineer,,1.0,Chandler Quamar Cantrell,2009-12-01,2011-06-01,724.0,False,2.0,ResearchAndEngineering_Commercial,4.0,Engineering,10.0,SystemsEngineering,0,2507.0,2010-09-16 15:54:08.000,email,Large email with attachment,HIGH,Possible data exfiltration via email attachment,15101,1,0.017459705349562205,0,1
ABP2003,525.4048076923077,426,2.6346153846153846,42.0,0.0,0.0,0.0,521.5,0.0,0.0,712.0,12.0,44.0,35.0,20.0,27.0,aimee.barbara.pena@dtaa.com,HardwareEngineer,,1.0,Reese Hoyt Beck,2009-12-01,2011-06-01,724.0,False,3.0,ResearchAndEngineering_Government_Domestic,4.0,Engineering,15.0,SystemsEngineering,0,13074.0,2010-06-24 16:33:57.000,email,Large email with attachment,HIGH,Possible data exfiltration via email attachment,3760,1,0.1586543176120364,0,1
ABP2917,555.2594397076736,312,2.5700365408038977,2160.0,733.0,1232.0,1965.0,495.375,966.0,484.0,1168.0,35.0,37.0,20.0,42.0,29.0,alice.britanney.pope@dtaa.com,Technician,,1.0,Nolan Jerome Wagner,2009-12-01,2011-06-01,724.0,False,8.0,SalesAndMarketing_Commercial,3.0,FieldService,4.0,RegionalFieldService,0,1264.0,2010-04-26 15:13:53.000,email,Large email with attachment,HIGH,Possible data exfiltration via email attachment,18335,1,0.07600489593584792,1,1
ABR0397,563.8463726884779,143,2.9658605974395447,117.0,36.0,65.0,101.0,546.8034188034188,253.0,127.0,1221.0,38.0,40.0,46.0,38.0,25.0,adam.benjamin.rogers@dtaa.com,Technician,,1.0,Jessamine Madeson Eaton,2009-12-01,2011-06-01,724.0,False,8.0,SalesAndMarketing_Commercial,3.0,FieldService,1.0,RegionalFieldService,0,59.0,2010-10-27 09:00:26.000,email,Large email with attachment,HIGH,Possible data exfiltration via email attachment,4773,1,0.11931716608532184,0,1
ABS0677,554.2267303102625,729,2.80763723150358,488.0,0.0,0.0,0.0,579.6946721311475,0.0,0.0,1021.0,44.0,45.0,32.0,47.0,24.0,alec.bert.scott@dtaa.com,ElectricalEngineer,,1.0,Xantha Imani Waters,2009-12-01,2011-06-01,724.0,False,3.0,ResearchAndEngineering_Government_Domestic,4.0,Engineering,3.0,ElectricalEngineering,0,357.0,2010-04-07 15:48:21.000,email,Large email with attachment,HIGH,Possible data exfiltration via email attachment,4337,1,0.14598688337847326,1,1
ABW0501,552.7729652546407,326,2.529747739171823,16.0,0.0,0.0,0.0,666.5,0.0,0.0,712.0,15.0,34.0,44.0,39.0,25.0,aline.basia.webb@dtaa.com,ElectricalEngineer,,1.0,Anjolie Samantha Gonzales,2009-12-01,2011-06-01,724.0,False,2.0,ResearchAndEngineering_Commercial,3.0,SoftwareManagement,3.0,EmbeddedSoftware,0,3495.0,2010-09-30 13:07:52.000,email,Large email with attachment,HIGH,Possible data exfiltration via email attachment,4100,1,0.15878199390076114,0,1
ACA0360,547.7557446808511,246,2.4374468085106384,22.0,0.0,0.0,0.0,617.7272727272727,0.0,0.0,712.0,29.0,35.0,23.0,39.0,36.0,alisa.christine.anderson@dtaa.com,Accountant,Project 5,1.0,Mari Faith Lester,2009-12-01,2011-06-01,724.0,False,7.0,Finance,1.0,Accounting,0.0,0,0,10530.0,2010-07-23 08:34:41.000,email,Large email with attachment,HIGH,Possible data exfiltration via email attachment,2218,1,0.17839124935198325,0,1
ACA3252,558.025974025974,43,2.601731601731602,0.0,0.0,0.0,0.0,0.0,0.0,0.0,712.0,35.0,41.0,41.0,15.0,32.0,amos.chaim.allison@dtaa.com,StockroomClerk,,1.0,Quincy Guy Shannon,2009-12-01,2011-06-01,724.0,False,5.0,Manufacturing_Commercial,3.0,Assembly,9.0,Stockroom,0,172633.0,2010-08-27 12:30:23.000,email,Large email with attachment,HIGH,Possible data exfiltration via email attachment,278,1,0.1428962834456287,0,1
ACB0701,522.2908366533865,239,2.9243027888446216,673.0,212.0,219.0,431.0,513.627043090639,794.0,401.0,1133.0,44.0,37.0,38.0,37.0,38.0,abdul.carlos.benson@dtaa.com,Technician,,1.0,Dana Christen Wilkins,2009-12-01,2011-06-01,724.0,False,3.0,ResearchAndEngineering_Government_Domestic,4.0,Engineering,6.0,TestAndEvalualtion,0,3636.0,2010-10-22 11:17:09.000,email,Large email with attachment,HIGH,Possible data exfiltration via email attachment,10208,1,0.11815250319634568,0,1
ACB3123,507.6706217370669,580,2.868058851447556,341.0,0.0,0.0,0.0,490.10557184750735,0.0,0.0,1213.0,39.0,50.0,40.0,42.0,17.0,alfonso.clayton.byers@dtaa.com,Mathematician,,1.0,Bethany Diana Jordan,2009-12-01,2011-06-01,724.0,False,3.0,ResearchAndEngineering_Government_Domestic,2.0,Research,5.0,Lab,0,602.0,2010-05-10 09:31:49.000,email,Large email with attachment,HIGH,Possible data exfiltration via email attachment,6932,1,0.099665099305002,0,1
ACC2773,539.2044486512068,618,2.580217699952674,107.0,0.0,0.0,0.0,649.2242990654206,0.0,0.0,712.0,36.0,22.0,41.0,24.0,27.0,acton.coby.chavez@dtaa.com,TestEngineer,Project 37,1.0,Catherine Madonna Owen,2009-12-01,2011-06-01,724.0,False,4.0,ResearchAndEngineering_Government_Foreign,4.0,Engineering,21.0,TestAndEvalualtion,0,268.0,2010-02-12 09:59:32.000,email,Large email with attachment,HIGH,Possible data exfiltration via email attachment,6071,1,0.18229189554781644,0,1
ACF1806,570.5908289241622,357,2.815696649029982,2800.0,951.0,1586.0,2537.0,536.8328571428572,2041.0,1024.0,325.0,42.0,20.0,40.0,16.0,26.0,abraham.colt.french@dtaa.com,ComputerScientist,Project 98,1.0,Lucius Orlando Patton,2009-12-01,2010-06-01,359.0,False,2.0,ResearchAndEngineering_Commercial,3.0,SoftwareManagement,8.0,DesktopSoftware,0,4197.0,2010-02-26 10:58:53.000,email,Large email with attachment,HIGH,Possible data exfiltration via email attachment,10559,1,0.011018488976961782,0,1
ACG0312,581.0340425531915,122,2.697872340425532,20.0,0.0,0.0,0.0,903.3,0.0,0.0,966.0,40.0,38.0,50.0,36.0,23.0,allistair.cullen.goodwin@dtaa.com,ProductionLineWorker,,1.0,August Kasimir Solis,2009-12-01,2011-06-01,724.0,False,5.0,Manufacturing_Commercial,3.0,Assembly,2.0,AssemblyDept,0,15756.0,2010-01-08 09:26:27.000,email,Large email with attachment,HIGH,Possible data exfiltration via email attachment,537,1,0.10062920259495095,0,1
ACG3819,557.480964467005,269,2.947969543147208,912.0,272.0,523.0,795.0,562.4671052631579,876.0,439.0,1283.0,23.0,19.0,35.0,23.0,37.0,amena.carly.griffin@dtaa.com,Technician,Project 15,1.0,Uriah Sean Collins,2009-12-01,2011-06-01,724.0,False,9.0,SalesAndMarketing_Government,3.0,FieldService,6.0,RegionalFieldService,0,10749.0,2010-03-18 09:43:54.000,email,Large email with attachment,HIGH,Possible data exfiltration via email attachment,17526,1,0.08401250140473793,0,1
ACH0008,523.6090285531983,1033,2.545701068750997,0.0,0.0,0.0,0.0,0.0,0.0,0.0,712.0,39.0,35.0,20.0,17.0,30.0,aristotle.charles.hull@dtaa.com,VicePresident,Project 5,1.0,Lydia Serena Lucas,2009-12-01,2011-06-01,724.0,False,6.0,Manufacturing_Government,0.0,0,0.0,0,0,1630.0,2010-10-19 13:22:17.000,email,Large email with attachment,HIGH,Possible data exfiltration via email attachment,7886,1,0.1430786879628997,0,1
ACH1405,498.9348239771646,248,2.572312083729781,0.0,0.0,0.0,0.0,0.0,0.0,0.0,712.0,50.0,13.0,10.0,18.0,36.0,april.celeste.hayden@dtaa.com,MechanicalEngineer,,1.0,Ariana Zenia Avery,2009-12-01,2011-06-01,724.0,False,4.0,ResearchAndEngineering_Government_Foreign,4.0,Engineering,7.0,MechanicalEngineering,0,8098.0,2010-11-04 17:19:20.000,email,Large email with attachment,HIGH,Possible data exfiltration via email attachment,3820,1,0.09292926521375389,0,1
ACH1910,536.7384494909945,894,2.8069694596711043,127.0,0.0,0.0,0.0,441.1968503937008,0.0,0.0,1441.0,15.0,13.0,18.0,21.0,27.0,aurora.celeste.hogan@dtaa.com,Mathematician,,1.0,Quincy Joshua Olsen,2009-12-01,2011-06-01,724.0,False,3.0,ResearchAndEngineering_Government_Domestic,2.0,Research,3.0,Lab,0,190.0,2010-07-23 11:10:21.000,email,Large email with attachment,HIGH,Possible data exfiltration via email attachment,4326,1,0.11238467851832384,0,1
ACH2102,579.235322195704,393,2.687828162291169,19.0,0.0,0.0,0.0,453.7894736842105,0.0,0.0,712.0,46.0,33.0,30.0,35.0,28.0,athena.cynthia.haney@dtaa.com,ElectricalEngineer,,1.0,Barrett Ulysses Shepherd,2009-12-01,2011-06-01,724.0,False,4.0,ResearchAndEngineering_Government_Foreign,4.0,Engineering,13.0,ElectricalEngineering,0,1525.0,2010-04-13 11:22:50.000,email,Large email with attachment,HIGH,Possible data exfiltration via email attachment,3175,1,0.17004546997258635,0,1
ACJ0014,552.1507955355023,1005,2.518404179529803,89.0,0.0,0.0,0.0,682.9101123595506,0.0,0.0,712.0,39.0,31.0,19.0,36.0,28.0,alisa.cleo.jacobson@dtaa.com,Director,,1.0,Tallulah Leslie Keith,2009-12-01,2011-06-01,724.0,False,1.0,Adminstration,1.0,Personnel,0.0,0,0,866.0,2010-09-16 14:56:23.000,email,Large email with attachment,HIGH,Possible data exfiltration via email attachment,7500,1,0.1656836535828588,0,1
ACL2943,525.2679645004295,1028,2.540509590609791,90.0,0.0,0.0,0.0,479.8666666666667,0.0,0.0,1000.0,44.0,40.0,43.0,20.0,24.0,abdul.connor.levine@dtaa.com,Salesman,,1.0,Tanisha Chiquita Mullins,2009-12-01,2011-06-01,724.0,False,9.0,SalesAndMarketing_Government,2.0,Sales,4.0,RegionalSales,0,3542.0,2010-04-19 17:23:35.000,email,Large email with attachment,HIGH,Possible data exfiltration via email attachment,4973,1,0.15114918158053608,0,1
ACM0100,543.2776971456217,456,2.604257377842284,52.0,0.0,0.0,0.0,644.4423076923077,0.0,0.0,987.0,20.0,30.0,23.0,21.0,31.0,andrew.cade.moody@dtaa.com,TechnicalWriter,Project 13,1.0,Sonia Francesca Leblanc,2009-12-01,2011-06-01,724.0,False,2.0,ResearchAndEngineering_Commercial,4.0,Engineering,1.0,Publications,0,6180.0,2010-05-12 10:58:59.000,email,Large email with attachment,HIGH,Possible data exfiltration via email attachment,3008,1,0.17718449925332264,0,1
ACM2278,548.180078125,837,2.516015625,112.0,7.0,22.0,29.0,562.6607142857143,22.0,11.0,496.0,18.0,37.0,32.0,36.0,28.0,allen.cruz.mccoy@dtaa.com,Salesman,,1.0,Gillian Nelle Holland,2009-12-01,2010-09-01,362.0,False,8.0,SalesAndMarketing_Commercial,2.0,Sales,3.0,RegionalSales,0,1706.0,2010-04-01 16:57:54.000,email,Large email with attachment,HIGH,Possible data exfiltration via email attachment,6162,1,0.1259527603449655,0,1
ACM3964,543.7758620689655,140,2.939655172413793,28.0,0.0,0.0,0.0,676.4285714285714,0.0,0.0,999.0,46.0,43.0,14.0,42.0,22.0,adena.cameran.mitchell@dtaa.com,StockroomClerk,,1.0,Colby Kibo Guzman,2009-12-01,2011-06-01,724.0,False,6.0,Manufacturing_Government,3.0,Assembly,13.0,Stockroom,0,10196.0,2010-01-25 12:49:49.000,email,Large email with attachment,HIGH,Possible data exfiltration via email attachment,1508,1,0.1358156384702891,0,1
ACN2347,544.2225433526012,264,2.6705202312138727,48.0,0.0,0.0,0.0,642.6041666666666,0.0,0.0,1227.0,23.0,45.0,18.0,25.0,26.0,angelica.chanda.newton@dtaa.com,Technician,,1.0,Rhea Lydia Stein,2009-12-01,2011-06-01,724.0,False,9.0,SalesAndMarketing_Government,3.0,FieldService,3.0,RegionalFieldService,0,8833.0,2010-01-20 13:36:15.000,email,Large email with attachment,HIGH,Possible data exfiltration via email attachment,1289,1,0.16500748556925404,0,1
ACP2122,530.1241950321987,370,2.560257589696412,124.0,0.0,0.0,0.0,226.1370967741936,0.0,0.0,1098.0,47.0,26.0,19.0,32.0,39.0,adria.clare.paul@dtaa.com,ElectricalEngineer,,1.0,Leo Travis Rojas,2009-12-01,2011-06-01,724.0,False,4.0,ResearchAndEngineering_Government_Foreign,4.0,Engineering,15.0,SystemsEngineering,0,16901.0,2010-07-22 09:16:42.000,email,Large email with attachment,HIGH,Possible data exfiltration via email attachment,3860,1,0.14101859101386405,0,1
ACR0331,532.9995289684409,171,2.486104569006123,0.0,0.0,0.0,0.0,0.0,0.0,0.0,712.0,17.0,44.0,24.0,17.0,29.0,anthony.caesar.rosa@dtaa.com,ElectricalEngineer,,1.0,Jane Sarah Barron,2009-12-01,2011-06-01,724.0,False,6.0,Manufacturing_Government,2.0,ManufacturingEngineering,0.0,0,0,39040.0,2010-07-13 14:58:03.000,email,Large email with attachment,HIGH,Possible data exfiltration via email attachment,1967,1,0.1391717269456605,0,1
ACR0748,520.1800674049109,458,2.5806451612903225,42.0,0.0,0.0,0.0,467.95238095238096,0.0,0.0,712.0,37.0,36.0,16.0,35.0,30.0,amir.caldwell.russo@dtaa.com,HardwareEngineer,,1.0,Grant Lamar Fulton,2009-12-01,2011-06-01,724.0,False,4.0,ResearchAndEngineering_Government_Foreign,3.0,SoftwareManagement,3.0,EmbeddedSoftware,0,11717.0,2010-10-21 15:46:44.000,email,Large email with attachment,HIGH,Possible data exfiltration via email attachment,4111,1,0.19343048066305613,0,1
ACS0128,560.8868742609382,556,2.43358297201419,46.0,0.0,0.0,0.0,536.3260869565217,0.0,0.0,771.0,36.0,44.0,21.0,23.0,28.0,aristotle.cairo.sharpe@dtaa.com,AdministrativeAssistant,,1.0,Kasimir Axel Medina,2009-12-01,2011-01-01,719.0,False,3.0,ResearchAndEngineering_Government_Domestic,0.0,0,0.0,0,0,2604.0,2010-04-06 11:11:18.000,email,Large email with attachment,HIGH,Possible data exfiltration via email attachment,4980,1,0.18132136406768262,0,1
ACS1921,554.902697495183,763,2.8501926782273603,3315.0,1072.0,1931.0,3003.0,551.375867269985,2074.0,1042.0,920.0,37.0,18.0,41.0,25.0,26.0,august.clinton.suarez@dtaa.com,SoftwareDeveloper,Project 76,1.0,Dora Tallulah Tran,2009-12-01,2011-06-01,724.0,False,3.0,ResearchAndEngineering_Government_Domestic,3.0,SoftwareManagement,8.0,DesktopSoftware,0,748.0,2010-04-07 15:17:10.000,email,Large email with attachment,HIGH,Possible data exfiltration via email attachment,35093,1,0.04099176085565204,0,1
ACV1946,560.6679371129109,599,2.838970938542163,1760.0,403.0,878.0,1281.0,565.4994318181818,752.0,380.0,1252.0,49.0,45.0,18.0,39.0,38.0,arsenio.caldwell.vargas@dtaa.com,SoftwareDeveloper,Project 92,1.0,Patience Raya Holt,2009-12-01,2011-06-01,724.0,False,3.0,ResearchAndEngineering_Government_Domestic,3.0,SoftwareManagement,9.0,WebSoftware,0,5882.0,2010-07-23 10:59:40.000,email,Large email with attachment,HIGH,Possible data exfiltration via email attachment,15201,1,0.05173486297029417,0,1
ACW0426,503.154949784792,183,2.6743185078909613,11.0,0.0,0.0,0.0,552.1818181818181,0.0,0.0,712.0,34.0,15.0,18.0,30.0,39.0,adara.caryn.weaver@dtaa.com,Technician,,1.0,Sydney Medge Ellis,2009-12-01,2011-06-01,724.0,False,9.0,SalesAndMarketing_Government,3.0,FieldService,1.0,RegionalFieldService,0,18463.0,2010-08-05 16:15:20.000,email,Large email with attachment,HIGH,Possible data exfiltration via email attachment,1498,1,0.14341330749939046,0,1
ACW0464,547.8582089552239,379,2.493715632364493,0.0,0.0,0.0,0.0,0.0,0.0,0.0,2836.0,48.0,24.0,10.0,41.0,37.0,anika.cherokee.wood@dtaa.com,ITAdmin,,1.0,Carl Garrett Morgan,2009-12-01,2011-06-01,724.0,False,1.0,Adminstration,5.0,Security,2.0,ElectronicSecurity,0,579.0,2010-02-22 10:54:26.000,email,Large email with attachment,HIGH,Possible data exfiltration via email attachment,6240,1,0.05763970106884486,0,1
ACW1707,509.71972746980487,579,2.581604211830288,49.0,0.0,0.0,0.0,507.2244897959184,0.0,0.0,712.0,38.0,43.0,37.0,39.0,29.0,abel.cruz.wiley@dtaa.com,LabManager,,1.0,Brynne Jeanette Sharp,2009-12-01,2011-06-01,724.0,False,2.0,ResearchAndEngineering_Commercial,2.0,Research,3.0,Lab,0,5027.0,2010-09-29 18:49:08.000,email,Large email with attachment,HIGH,Possible data exfiltration via email attachment,5526,1,0.1884941964849271,0,1
ADB0350,534.5433503334641,519,2.437034131031777,84.0,0.0,0.0,0.0,429.0952380952381,0.0,0.0,712.0,16.0,12.0,19.0,46.0,21.0,adena.deborah.benjamin@dtaa.com,AdministrativeAssistant,,1.0,Ulric Channing Gross,2009-12-01,2011-06-01,724.0,False,6.0,Manufacturing_Government,4.0,QualityControl,0.0,0,0,1532.0,2010-03-22 08:07:58.000,email,Large email with attachment,HIGH,Possible data exfiltration via email attachment,4068,1,0.11010386016307272,0,1
ADB1105,510.3884766477521,342,2.749890877346137,649.0,207.0,372.0,579.0,494.8258859784284,3956.0,1982.0,614.0,39.0,38.0,42.0,37.0,21.0,abbot.drake.black@dtaa.com,ElectricalEngineer,,1.0,Carl Alfonso Roman,2009-12-01,2011-01-01,719.0,False,2.0,ResearchAndEngineering_Commercial,3.0,SoftwareManagement,6.0,EmbeddedSoftware,0,32.0,2010-03-31 09:07:22.000,email,Large email with attachment,HIGH,Possible data exfiltration via email attachment,37782,1,0.0675880126133781,0,1
ADB3853,557.2283536585365,653,2.500914634146341,54.0,0.0,0.0,0.0,625.7222222222222,0.0,0.0,712.0,33.0,41.0,42.0,42.0,27.0,amal.davis.buchanan@dtaa.com,SecurityGuard,,1.0,Yvonne Kellie Walters,2009-12-01,2011-06-01,724.0,False,1.0,Adminstration,5.0,Security,12.0,BuildingSecurity,0,2990.0,2010-04-09 17:47:12.000,email,Large email with attachment,HIGH,Possible data exfiltration via email attachment,4519,1,0.1762383822352463,0,1
ADC1469,579.059305689489,410,2.507232401157184,14.0,0.0,0.0,0.0,808.2857142857143,0.0,0.0,712.0,37.0,15.0,44.0,35.0,32.0,aubrey.dora.curtis@dtaa.com,MechanicalEngineer,,1.0,Naida Shellie Barlow,2009-12-01,2011-06-01,724.0,False,4.0,ResearchAndEngineering_Government_Foreign,4.0,Engineering,11.0,TestAndEvalualtion,0,3908.0,2010-07-20 14:47:18.000,email,Large email with attachment,HIGH,Possible data exfiltration via email attachment,3470,1,0.12834521746125482,0,1
ADG1430,531.1325648414986,655,2.5730067243035544,116.0,0.0,0.0,0.0,539.7068965517242,0.0,0.0,986.0,14.0,40.0,20.0,16.0,24.0,adena.dakota.garrett@dtaa.com,ElectricalEngineer,,1.0,Sarah Cleo Hubbard,2009-12-01,2011-06-01,724.0,False,4.0,ResearchAndEngineering_Government_Foreign,4.0,Engineering,8.0,ElectricalEngineering,0,1869.0,2010-08-25 15:30:11.000,email,Large email with attachment,HIGH,Possible data exfiltration via email attachment,2705,1,0.15694616476017698,0,1
ADG1737,552.5237804878049,918,2.87469512195122,3703.0,1772.0,1169.0,2941.0,511.95814204698894,6070.0,3043.0,1012.0,35.0,21.0,25.0,26.0,35.0,adele.deirdre.guthrie@dtaa.com,Manager,Project 15,1.0,Daria Emma Ramos,2009-12-01,2011-06-01,724.0,False,9.0,SalesAndMarketing_Government,2.0,Sales,3.0,RegionalSales,1,4422.0,2010-06-25 12:59:45.000,email,Large email with attachment,HIGH,Possible data exfiltration via email attachment,51904,1,-0.03228990070337656,0,1
ADH0975,523.2668579626973,271,2.898134863701578,200.0,0.0,0.0,0.0,709.37,0.0,0.0,948.0,34.0,21.0,41.0,19.0,33.0,ariana.deanna.herring@dtaa.com,Technician,,1.0,Sydney Medge Ellis,2009-12-01,2011-06-01,724.0,False,9.0,SalesAndMarketing_Government,3.0,FieldService,1.0,RegionalFieldService,0,1685.0,2010-03-02 13:02:06.000,email,Large email with attachment,HIGH,Possible data exfiltration via email attachment,1730,1,0.1473621816250285,0,1
ADM0158,531.2175588865097,475,2.892505353319058,12.0,0.0,0.0,0.0,482.5,0.0,0.0,744.0,38.0,42.0,25.0,32.0,29.0,aidan.drake.mitchell@dtaa.com,ComputerScientist,,1.0,Hedy Ivana Pennington,2009-12-01,2011-06-01,724.0,False,3.0,ResearchAndEngineering_Government_Domestic,3.0,SoftwareManagement,2.0,DesktopSoftware,0,9782.0,2010-01-13 10:35:44.000,email,Large email with attachment,HIGH,Possible data exfiltration via email attachment,4022,1,0.1806334070524463,0,1
ADM0765,538.8334928229665,304,2.5617224880382774,25.0,0.0,0.0,0.0,476.32,0.0,0.0,712.0,23.0,22.0,44.0,23.0,24.0,aiko.deborah.mosley@dtaa.com,SoftwareDeveloper,Project 61,1.0,Jared Price Johns,2009-12-01,2011-06-01,724.0,False,4.0,ResearchAndEngineering_Government_Foreign,3.0,SoftwareManagement,4.0,WebSoftware,0,5290.0,2010-11-18 14:12:32.000,email,Large email with attachment,HIGH,Possible data exfiltration via email attachment,2549,1,0.17205146840927782,0,1
ADM0923,564.7839258114374,961,2.8494590417310666,1126.0,136.0,323.0,459.0,627.671403197158,278.0,139.0,1221.0,47.0,32.0,24.0,45.0,28.0,alyssa.dara.mcbride@dtaa.com,Salesman,,1.0,Florence Giselle Neal,2009-12-01,2011-06-01,724.0,False,8.0,SalesAndMarketing_Commercial,2.0,Sales,1.0,RegionalSales,0,410.0,2010-07-26 16:43:11.000,email,Large email with attachment,HIGH,Possible data exfiltration via email attachment,11472,1,0.09879976194011758,0,1
ADM1894,559.7116945107399,558,2.4,109.0,0.0,0.0,0.0,617.3577981651376,0.0,0.0,1177.0,42.0,43.0,20.0,30.0,36.0,adrian.declan.mathews@dtaa.com,ElectricalEngineer,,1.0,Nicole Jennifer Rosario,2009-12-01,2011-06-01,724.0,False,2.0,ResearchAndEngineering_Commercial,4.0,Engineering,16.0,TestAndEvalualtion,0,267.0,2010-07-08 08:18:47.000,email,Large email with attachment,HIGH,Possible data exfiltration via email attachment,3756,1,0.15754026948083666,0,1
ADM2762,529.8326996197719,385,2.582699619771863,0.0,0.0,0.0,0.0,0.0,0.0,0.0,712.0,35.0,47.0,17.0,42.0,25.0,arden.david.manning@dtaa.com,TestEngineer,Project 37,1.0,Catherine Madonna Owen,2009-12-01,2011-06-01,724.0,False,4.0,ResearchAndEngineering_Government_Foreign,4.0,Engineering,21.0,TestAndEvalualtion,0,24550.0,2010-07-01 07:41:20.000,email,Large email with attachment,HIGH,Possible data exfiltration via email attachment,5550,1,0.14776675683424673,0,1
ADP1625,528.4017216642754,116,2.6226685796269726,13.0,0.0,0.0,0.0,511.38461538461536,0.0,0.0,980.0,39.0,17.0,41.0,43.0,27.0,anjolie.dora.parker@dtaa.com,Technician,,1.0,Byron Elmo Buchanan,2009-12-01,2011-06-01,724.0,False,8.0,SalesAndMarketing_Commercial,3.0,FieldService,2.0,RegionalFieldService,0,3384.0,2010-09-14 10:16:13.000,email,Large email with attachment,HIGH,Possible data exfiltration via email attachment,1336,1,0.17050043663148023,0,1
ADP3667,536.190332326284,185,2.7915407854984893,1165.0,374.0,674.0,1048.0,571.4678111587983,1129.0,567.0,1070.0,39.0,16.0,47.0,22.0,38.0,abraham.dustin.pitts@dtaa.com,StockroomClerk,,1.0,Carlos Tanek Buchanan,2009-12-01,2011-06-01,724.0,False,6.0,Manufacturing_Government,3.0,Assembly,11.0,Stockroom,0,34959.0,2010-10-17 17:13:39.000,email,Large email with attachment,HIGH,Possible data exfiltration via email attachment,13599,1,0.07613548767344863,1,1
ADR1517,553.077922077922,119,3.051948051948052,12.0,0.0,0.0,0.0,529.0833333333334,0.0,0.0,987.0,36.0,39.0,13.0,19.0,27.0,abraham.dante.rodgers@dtaa.com,ProductionLineWorker,,1.0,Mark William Horne,2009-12-01,2011-06-01,724.0,False,5.0,Manufacturing_Commercial,3.0,Assembly,4.0,AssemblyDept,0,15283.0,2010-08-16 08:30:26.000,email,Large email with attachment,HIGH,Possible data exfiltration via email attachment,859,1,0.15318924020486585,0,1
ADS0763,541.1492032834379,598,2.672621921776919,83.0,0.0,0.0,0.0,550.7469879518072,0.0,0.0,712.0,26.0,18.0,22.0,38.0,35.0,alice.deborah.sawyer@dtaa.com,WebDeveloper,Project 47,1.0,Jared Price Johns,2009-12-01,2011-06-01,724.0,False,4.0,ResearchAndEngineering_Government_Foreign,3.0,SoftwareManagement,4.0,WebSoftware,0,1969.0,2010-06-25 16:25:17.000,email,Large email with attachment,HIGH,Possible data exfiltration via email attachment,3291,1,0.17579256622407496,0,1
ADS2428,565.8391881342701,508,2.577673692427791,27.0,0.0,0.0,0.0,650.5555555555555,0.0,0.0,2818.0,22.0,24.0,49.0,11.0,26.0,andrew.dale.sargent@dtaa.com,ITAdmin,,1.0,Madison Charissa Malone,2009-12-01,2011-06-01,724.0,False,1.0,Adminstration,5.0,Security,8.0,ElectronicSecurity,0,1329.0,2010-08-11 12:22:45.000,email,Large email with attachment,HIGH,Possible data exfiltration via email attachment,7044,1,0.06360235898681832,0,1
ADS2950,518.6629116117851,976,2.79000577700751,995.0,88.0,174.0,262.0,470.01608040201006,159.0,80.0,837.0,49.0,38.0,19.0,23.0,25.0,aubrey.dominic.stewart@dtaa.com,Salesman,,1.0,Tanisha Chiquita Mullins,2009-12-01,2010-12-01,365.0,False,9.0,SalesAndMarketing_Government,2.0,Sales,4.0,RegionalSales,0,3157.0,2010-01-26 16:50:51.000,email,Large email with attachment,HIGH,Possible data exfiltration via email attachment,7719,1,0.09705552804509421,0,1
ADV1640,522.125,27,2.533333333333333,0.0,0.0,0.0,0.0,0.0,0.0,0.0,82.0,43.0,43.0,36.0,36.0,19.0,andrew.dalton.vega@dtaa.com,Technician,,1.0,Byron Elmo Buchanan,2009-12-01,2010-03-01,356.0,False,8.0,SalesAndMarketing_Commercial,3.0,FieldService,2.0,RegionalFieldService,0,241897.0,2010-02-11 09:11:47.000,email,Large email with attachment,HIGH,Possible data exfiltration via email attachment,146,1,0.09684862943173123,0,1
ADV2467,549.5066985645933,219,2.2942583732057416,0.0,0.0,0.0,0.0,0.0,0.0,0.0,712.0,42.0,39.0,10.0,15.0,27.0,armand.devin.velasquez@dtaa.com,WebDeveloper,,1.0,Xandra Hilary Romero,2009-12-01,2011-06-01,724.0,False,2.0,ResearchAndEngineering_Commercial,3.0,SoftwareManagement,10.0,WebSoftware,0,11661.0,2010-12-02 12:42:24.000,email,Large email with attachment,HIGH,Possible data exfiltration via email attachment,1807,1,0.13082029488719737,0,1
ADW2832,562.0434782608696,49,2.5391304347826087,0.0,0.0,0.0,0.0,0.0,0.0,0.0,712.0,10.0,48.0,22.0,15.0,27.0,amelia.dorothy.weeks@dtaa.com,StockroomClerk,,1.0,Britanney Ursa Shepard,2009-12-01,2011-06-01,724.0,False,6.0,Manufacturing_Government,3.0,Assembly,7.0,Stockroom,0,22176.0,2010-08-10 09:14:19.000,email,Large email with attachment,HIGH,Possible data exfiltration via email attachment,1078,1,0.11189158831361384,0,1
AEB1458,522.5755258126195,568,2.57791586998088,172.0,0.0,0.0,0.0,559.8255813953489,0.0,0.0,712.0,36.0,39.0,21.0,25.0,31.0,ashton.emmanuel.barrett@dtaa.com,ElectricalEngineer,Project 96,1.0,Zenia Basia Whitley,2009-12-01,2011-06-01,724.0,False,4.0,ResearchAndEngineering_Government_Foreign,4.0,Engineering,10.0,SystemsEngineering,0,3336.0,2010-10-13 17:17:32.000,email,Large email with attachment,HIGH,Possible data exfiltration via email attachment,3017,1,0.19746860921020776,0,1
AEB3249,567.4726840855107,321,2.819002375296912,327.0,81.0,90.0,171.0,585.5565749235474,268.0,135.0,993.0,22.0,14.0,45.0,48.0,25.0,amela.elaine.burnett@dtaa.com,HardwareEngineer,,1.0,Oliver Brock Howe,2009-12-01,2011-06-01,724.0,False,4.0,ResearchAndEngineering_Government_Foreign,4.0,Engineering,24.0,SystemsEngineering,0,7254.0,2010-01-22 09:23:04.000,email,Large email with attachment,HIGH,Possible data exfiltration via email attachment,8942,1,0.09681201977420739,0,1
AEB3574,584.6465076660988,680,2.5379045996592846,313.0,93.0,170.0,263.0,565.2875399361022,724.0,365.0,1173.0,45.0,10.0,45.0,22.0,40.0,ali.emmanuel.burns@dtaa.com,SystemsEngineer,,1.0,Gage Yardley Hester,2009-12-01,2011-06-01,724.0,False,3.0,ResearchAndEngineering_Government_Domestic,4.0,Engineering,25.0,SystemsEngineering,0,2800.0,2010-04-27 12:46:02.000,email,Large email with attachment,HIGH,Possible data exfiltration via email attachment,11886,1,0.049817140974307894,0,1
AED1421,539.3991477272727,604,2.859848484848485,8417.0,2807.0,4850.0,7657.0,568.632767019128,6119.0,3068.0,906.0,41.0,47.0,47.0,43.0,30.0,amos.elvis.dorsey@dtaa.com,ElectricalEngineer,,1.0,Sarah Cleo Hubbard,2009-12-01,2011-06-01,724.0,False,4.0,ResearchAndEngineering_Government_Foreign,4.0,Engineering,8.0,ElectricalEngineering,1,5887.0,2010-10-15 13:15:23.000,email,Large email with attachment,HIGH,Possible data exfiltration via email attachment,79339,1,-0.08054994637790014,0,1
AEF2019,535.362291169451,427,2.544152744630072,16.0,0.0,0.0,0.0,468.5625,0.0,0.0,712.0,38.0,24.0,40.0,25.0,26.0,alec.elvis.frost@dtaa.com,ElectricalEngineer,,1.0,Elijah Valentine Fuentes,2009-12-01,2011-06-01,724.0,False,3.0,ResearchAndEngineering_Government_Domestic,4.0,Engineering,16.0,TestAndEvalualtion,0,7675.0,2010-07-14 09:52:59.000,email,Large email with attachment,HIGH,Possible data exfiltration via email attachment,4374,1,0.18889355231899113,0,1
AEG1121,533.1795956746591,612,2.4861307005171605,61.0,0.0,0.0,0.0,537.1311475409836,0.0,0.0,624.0,39.0,44.0,33.0,39.0,27.0,andrew.emerson.golden@dtaa.com,ComputerProgrammer,Project 79,1.0,Amanda Sydney Decker,2009-12-01,2011-03-01,721.0,False,2.0,ResearchAndEngineering_Commercial,3.0,SoftwareManagement,7.0,WebSoftware,0,13114.0,2010-06-01 08:34:21.000,email,Large email with attachment,HIGH,Possible data exfiltration via email attachment,5113,1,0.19078960636716846,0,1
AEH0187,536.9948789571695,415,2.5991620111731844,175.0,0.0,0.0,0.0,541.4342857142857,0.0,0.0,912.0,43.0,41.0,10.0,10.0,28.0,alden.elliott.holden@dtaa.com,ElectricalEngineer,Project 61,1.0,Xantha Imani Waters,2009-12-01,2011-03-01,721.0,False,3.0,ResearchAndEngineering_Government_Domestic,4.0,Engineering,3.0,ElectricalEngineering,0,3916.0,2010-08-18 09:47:10.000,email,Large email with attachment,HIGH,Possible data exfiltration via email attachment,3071,1,0.15172257620237267,0,1
AEH2020,546.3910748560461,582,2.741362763915547,60.0,0.0,0.0,0.0,596.5,0.0,0.0,995.0,35.0,17.0,24.0,19.0,25.0,ali.elvis.harrington@dtaa.com,ElectricalEngineer,,1.0,Elijah Valentine Fuentes,2009-12-01,2011-06-01,724.0,False,3.0,ResearchAndEngineering_Government_Domestic,4.0,Engineering,16.0,TestAndEvalualtion,0,2747.0,2010-09-21 11:33:56.000,email,Large email with attachment,HIGH,Possible data exfiltration via email attachment,4890,1,0.17222234015561289,0,1
AEK3566,567.5776277724204,564,2.6668273866923817,33.0,0.0,0.0,0.0,592.9090909090909,0.0,0.0,960.0,33.0,42.0,12.0,24.0,33.0,aaron.emery.knight@dtaa.com,SystemsEngineer,Project 0,1.0,Gage Yardley Hester,2009-12-01,2011-06-01,724.0,False,3.0,ResearchAndEngineering_Government_Domestic,4.0,Engineering,25.0,SystemsEngineering,0,199.0,2010-03-17 09:55:16.000,email,Large email with attachment,HIGH,Possible data exfiltration via email attachment,5273,1,0.17014023036569537,0,1
AEM0554,545.9433706341133,706,2.574432010851136,493.0,0.0,0.0,0.0,485.12981744421904,0.0,0.0,1726.0,45.0,32.0,24.0,30.0,21.0,asher.elliott.morrison@dtaa.com,ElectricalEngineer,,1.0,Fredericka Kessie Stein,2009-12-01,2011-06-01,724.0,False,2.0,ResearchAndEngineering_Commercial,4.0,Engineering,3.0,ElectricalEngineering,0,902.0,2010-02-10 19:25:12.000,email,Large email with attachment,HIGH,Possible data exfiltration via email attachment,6720,1,0.1346842085998416,0,1
AEP1930,551.9022878932317,625,2.8951382268827457,48.0,0.0,0.0,0.0,223.66666666666663,0.0,0.0,994.0,41.0,34.0,23.0,41.0,23.0,asher.erich.powell@dtaa.com,ComputerProgrammer,Project 48,1.0,Dora Tallulah Tran,2009-12-01,2011-06-01,724.0,False,3.0,ResearchAndEngineering_Government_Domestic,3.0,SoftwareManagement,8.0,DesktopSoftware,0,1368.0,2010-02-12 07:53:15.000,email,Large email with attachment,HIGH,Possible data exfiltration via email attachment,5099,1,0.14827978888141852,0,1
AEW1442,535.9598840019333,514,2.601739971000484,31.0,0.0,0.0,0.0,537.6451612903226,0.0,0.0,712.0,31.0,43.0,40.0,17.0,23.0,abraham.elton.witt@dtaa.com,MaterialsEngineer,,1.0,Sloane Jael Small,2009-12-01,2011-06-01,724.0,False,4.0,ResearchAndEngineering_Government_Foreign,4.0,Engineering,9.0,MaterialsEngineering,0,1808.0,2010-05-03 11:36:37.000,email,Large email with attachment,HIGH,Possible data exfiltration via email attachment,3153,1,0.17626707488697163,0,1
AFB0904,563.125,125,2.9267241379310347,2920.0,989.0,1658.0,2647.0,586.3931506849315,1420.0,714.0,1207.0,39.0,37.0,40.0,34.0,34.0,asher.fletcher.ballard@dtaa.com,ProductionLineWorker,,1.0,Mona Jolene Frye,2009-12-01,2011-06-01,724.0,False,6.0,Manufacturing_Government,3.0,Assembly,2.0,AssemblyDept,0,5139.0,2010-01-11 11:32:39.000,email,Large email with attachment,HIGH,Possible data exfiltration via email attachment,13410,1,0.05052010693673192,0,1
AFB1626,556.157060518732,82,2.547550432276657,0.0,0.0,0.0,0.0,0.0,0.0,0.0,712.0,48.0,20.0,12.0,17.0,27.0,ainsley.fay.brewer@dtaa.com,Technician,,1.0,Byron Elmo Buchanan,2009-12-01,2011-06-01,724.0,False,8.0,SalesAndMarketing_Commercial,3.0,FieldService,2.0,RegionalFieldService,0,4799.0,2010-05-18 09:21:04.000,email,Large email with attachment,HIGH,Possible data exfiltration via email attachment,1075,1,0.13772716470538104,0,1
AFB3228,565.4413167938932,655,2.914599236641221,484.0,134.0,247.0,381.0,584.353305785124,6130.0,3073.0,1162.0,25.0,33.0,33.0,43.0,32.0,adele.fiona.boone@dtaa.com,ElectricalEngineer,,1.0,Driscoll Darius Lawrence,2009-12-01,2011-06-01,724.0,False,4.0,ResearchAndEngineering_Government_Foreign,4.0,Engineering,23.0,ElectricalEngineering,0,1476.0,2010-04-12 10:19:16.000,email,Large email with attachment,HIGH,Possible data exfiltration via email attachment,98621,1,0.0343019941567706,0,1
AFF1492,542.7236842105264,110,2.93859649122807,14.0,0.0,0.0,0.0,523.4285714285714,0.0,0.0,764.0,47.0,40.0,17.0,21.0,34.0,aaron.fuller.frye@dtaa.com,StockroomClerk,,1.0,Cooper Ali Stuart,2009-12-01,2011-06-01,724.0,False,5.0,Manufacturing_Commercial,3.0,Assembly,3.0,Stockroom,0,9799.0,2010-05-21 11:04:44.000,email,Large email with attachment,HIGH,Possible data exfiltration via email attachment,1004,1,0.15914274950118812,0,1
AFH1757,540.7589535970103,983,2.5493615696044847,133.0,0.0,0.0,0.0,467.05263157894734,0.0,0.0,712.0,21.0,10.0,37.0,11.0,26.0,aurelia.fredericka.haley@dtaa.com,SecurityGuard,,1.0,Rose Wilma Nieves,2009-12-01,2011-06-01,724.0,False,1.0,Adminstration,5.0,Security,5.0,BuildingSecurity,0,1572.0,2010-12-09 09:08:22.000,email,Large email with attachment,HIGH,Possible data exfiltration via email attachment,5567,1,0.11942558555112959,0,1
AFK3800,524.36203466894,490,2.526854219948849,0.0,0.0,0.0,0.0,0.0,0.0,0.0,712.0,46.0,38.0,18.0,43.0,32.0,abraham.ferdinand.keith@dtaa.com,Salesman,,1.0,Martina Nina Cain,2009-12-01,2011-06-01,724.0,False,9.0,SalesAndMarketing_Government,2.0,Sales,6.0,RegionalSales,0,9486.0,2010-01-27 13:44:51.000,email,Large email with attachment,HIGH,Possible data exfiltration via email attachment,4028,1,0.1563036643112204,0,1
AFP2247,576.863436123348,105,2.7136563876651985,17.0,0.0,0.0,0.0,480.8235294117647,0.0,0.0,712.0,26.0,25.0,36.0,47.0,29.0,anne.fatima.patton@dtaa.com,ProductionLineWorker,,1.0,Drew Owen Coleman,2009-12-01,2011-06-01,724.0,False,6.0,Manufacturing_Government,3.0,Assembly,6.0,AssemblyDept,0,15088.0,2010-11-05 13:45:18.000,email,Large email with attachment,HIGH,Possible data exfiltration via email attachment,642,1,0.14445746122460457,0,1
AFP2709,539.9225648213035,547,2.437981779957954,1531.0,505.0,883.0,1388.0,511.1770084911822,8480.0,4249.0,1383.0,37.0,45.0,17.0,24.0,29.0,austin.ferdinand.peck@dtaa.com,ElectricalEngineer,,1.0,Hammett Hamish Donaldson,2009-12-01,2011-06-01,724.0,False,4.0,ResearchAndEngineering_Government_Foreign,4.0,Engineering,18.0,ElectricalEngineering,1,2686.0,2010-12-09 12:01:21.000,email,Large email with attachment,HIGH,Possible data exfiltration via email attachment,69412,1,-0.03134747723217779,0,1
AGB0057,540.711820534944,474,2.6065573770491803,239.0,54.0,124.0,178.0,554.1297071129707,270.0,136.0,1052.0,39.0,22.0,42.0,38.0,38.0,alexis.gay.bruce@dtaa.com,ProjectManager,Project 45,1.0,Nolan Isaiah Mason,2009-12-01,2011-06-01,724.0,False,2.0,ResearchAndEngineering_Commercial,1.0,ProjectManagement,0.0,0,0,1424.0,2010-05-05 11:18:40.000,email,Large email with attachment,HIGH,Possible data exfiltration via email attachment,10354,1,0.12368149856045157,0,1
AGB3303,566.0301724137931,62,2.659482758620689,6.0,0.0,0.0,0.0,482.8333333333333,0.0,0.0,712.0,15.0,13.0,24.0,16.0,34.0,austin.griffin.branch@dtaa.com,StockroomClerk,,1.0,September Hanae Ward,2009-12-01,2011-06-01,724.0,False,6.0,Manufacturing_Government,3.0,Assembly,9.0,Stockroom,0,11044.0,2010-04-13 11:15:31.000,email,Large email with attachment,HIGH,Possible data exfiltration via email attachment,562,1,0.13942310225100424,0,1
AGC0445,581.671875,753,2.506640625,78.0,0.0,0.0,0.0,734.3974358974359,0.0,0.0,712.0,27.0,48.0,16.0,50.0,29.0,avye.gretchen.calhoun@dtaa.com,Attorney,,1.0,Ori Emi Nixon,2009-12-01,2011-06-01,724.0,False,10.0,PurchasingAndContracts,3.0,Contracts,0.0,0,0,1182.0,2010-09-27 09:29:06.000,email,Large email with attachment,HIGH,Possible data exfiltration via email attachment,7403,1,0.11267006686592529,0,1
AGE1244,540.2863288718929,429,2.617112810707457,41.0,0.0,0.0,0.0,644.8536585365854,0.0,0.0,712.0,16.0,27.0,37.0,14.0,23.0,august.guy.estrada@dtaa.com,ElectricalEngineer,,1.0,Scarlet Genevieve Contreras,2009-12-01,2011-06-01,724.0,False,3.0,ResearchAndEngineering_Government_Domestic,3.0,SoftwareManagement,6.0,EmbeddedSoftware,0,720.0,2010-11-24 08:05:14.000,email,Large email with attachment,HIGH,Possible data exfiltration via email attachment,3169,1,0.15412672160359947,0,1
AGF0742,548.8457943925233,557,2.8686915887850466,10494.0,4153.0,5311.0,9464.0,542.9911377930246,6290.0,3158.0,1232.0,36.0,48.0,35.0,36.0,27.0,austin.gregory.flores@dtaa.com,ComputerProgrammer,Project 62,1.0,Andrew Tobias Hoover,2009-12-01,2011-06-01,724.0,False,4.0,ResearchAndEngineering_Government_Foreign,3.0,SoftwareManagement,2.0,DesktopSoftware,1,2174.0,2010-04-27 11:05:08.000,email,Large email with attachment,HIGH,Possible data exfiltration via email attachment,4954,1,-0.09761544657802601,0,1
